"DESCRIPTION","DURATION IN MS","NAME","PARENT SUITE","START TIME","STATUS","STOP TIME","SUB SUITE","SUITE","TEST CLASS","TEST METHOD"
"","32","TC_AT_POST_issue_invalid_token","smoke","2026-05-17","passed","2026-05-17","Access Token — Issue (POST /api/access/issue)","api/smoke/access/access-token.smoke.spec.js","",""
"","3598","TC_SHW_GET_season_by_id_not_found","integration","2026-05-17","passed","2026-05-17","Show Season — Get by ID (GET /api/show/:id/season/:seasonId)","api/integration/show/show-seasons.integration.spec.js","",""
"","16","TC_SCH_020_GET_WithoutToken_ShouldReturn401or403","integration","2026-05-17","passed","2026-05-17","Schedule-Job API (Live Stream) > 5. Seguridad — Autenticación y Autorización","api/integration/live/live-schedule.integration.spec.js","",""
"","158","TC_CST_POST_create_no_token","smoke","2026-05-17","passed","2026-05-17","Customer — Create (POST /api/customer)","api/smoke/customer/customer.smoke.spec.js","",""
"","783","TC_MED_017a_INDEX_VisibilityMasking - solo publicados en endpoint público","regression","2026-05-17","passed","2026-05-17","8. Visibility Index","api/regression/media/media-advanced.regression.spec.js","",""
"","283","TC_SHW_003_INSERT_GenresNullCleaning","regression","2026-05-17","passed","2026-05-17","1. Create (POST /api/show)","api/regression/show/show-advanced.regression.spec.js","",""
"","823","TC_SHW_POST_episode_update_description","integration","2026-05-17","passed","2026-05-17","Show Episode — Update (POST /api/show/:id/season/:seasonId/episode/:episodeId)","api/integration/show/show-episodes.integration.spec.js","",""
"","5802","TC_MED_004_POST_InvalidType","regression","2026-05-17","passed","2026-05-17","2b. Create Media - variantes","api/regression/media/media-advanced.regression.spec.js","",""
"","3955","TC_LIV_005_DELETE_Stream","smoke","2026-05-17","passed","2026-05-17","Live Stream - Smoke","api/smoke/live/live-crud.smoke.spec.js","",""
"","50","TC_SHW_NEG_051_REMOVE_InvalidShowId","regression","2026-05-17","passed","2026-05-17","4. Remove (DELETE /api/show/:id)","api/regression/show/show-advanced.regression.spec.js","",""
"","111","TC_CON_LIV_003 GET /api/live-stream list response schema","contract","2026-05-17","passed","2026-05-17","Live - Contract","api/contract/live/live.contract.spec.js","",""
"","1045","TC_MED_UPLOAD_GET","regression","2026-05-17","passed","2026-05-17","11. Subrecursos Adicionales","api/regression/media/media-advanced.regression.spec.js","",""
"","4784","TC_SCH_006_POST_CreateScheduleJob_InvalidPayload @negative","regression","2026-05-17","passed","2026-05-17","Schedule - Regression","api/regression/schedule/schedule-advanced.regression.spec.js","",""
"","45","TC_LIV_007_GET_FilterOnline","regression","2026-05-17","passed","2026-05-17","2. Búsqueda y Filtros","api/regression/live/live-advanced.regression.spec.js","",""
"","6951","TC_LIV_032_GET_DetailPublishUrls","regression","2026-05-17","passed","2026-05-17","8. Configuración Avanzada","api/regression/live/live-advanced.regression.spec.js","",""
"","27","TC_CPN_POST_group_disable_no_token","regression","2026-05-17","passed","2026-05-17","Coupon Group — Bulk Disable (POST /api/coupon-group/:id/disable)","api/regression/cupones/coupon-group.regression.spec.js","",""
"","350","[PL-BRULE-002.2.7] Actualiza flags featured y no_ad","regression","2026-05-17","passed","2026-05-17","PUT /api/playlist/{id} - Actualización","api/regression/playlist/playlist-advanced.regression.spec.js","",""
"","570","Flujo: create playlist → associate media → verify → clear → verify empty","integration","2026-05-17","passed","2026-05-17","Playlist - Flujo de asociación de medias","api/integration/playlist/playlist-media-flow.integration.spec.js","",""
"","1620","TC_CON_PL_001 POST /api/playlist response schema","contract","2026-05-17","passed","2026-05-17","Playlist - Contract","api/contract/playlist/playlist.contract.spec.js","",""
"","67","TC_CON_AD_003 GET /api/ad list response schema","contract","2026-05-17","passed","2026-05-17","Ad - Contract","api/contract/ad/ad.contract.spec.js","",""
"","724","TC_CON_MED_002 GET /api/media/:id response schema","contract","2026-05-17","passed","2026-05-17","Media - Contract","api/contract/media/media.contract.spec.js","",""
"","47","TC_SCH_004_GET_ScheduleJob_DataStructureIfPresent","integration","2026-05-17","passed","2026-05-17","Schedule-Job API (Live Stream) > 1. GET — Consulta de Schedule-Job","api/integration/live/live-schedule.integration.spec.js","",""
"","779","TC_SHW_POST_episode_update_persists","integration","2026-05-17","passed","2026-05-17","Show Episode — Update (POST /api/show/:id/season/:seasonId/episode/:episodeId)","api/integration/show/show-episodes.integration.spec.js","",""
"","309","TC_LIV_010_GET_PaginationLimit","regression","2026-05-17","passed","2026-05-17","2. Búsqueda y Filtros","api/regression/live/live-advanced.regression.spec.js","",""
"","3851","TC_CST_GET_list_filter_by_email","smoke","2026-05-17","passed","2026-05-17","Customer — List (GET /api/customer)","api/smoke/customer/customer.smoke.spec.js","",""
"","25","TC_CPN_GET_group_list_no_token","regression","2026-05-17","passed","2026-05-17","Coupon Group — List (GET /api/coupon-group)","api/regression/cupones/coupon-group.regression.spec.js","",""
"","90","TC_AR_NEG_010_GET_NonExistentRestriction","smoke","2026-05-17","passed","2026-05-17","Access Restrictions - Smoke","api/smoke/access-restriction/access-restriction.smoke.spec.js","",""
"","227","TC_SHW_POST_season_valid","smoke","2026-05-17","passed","2026-05-17","Show Season — Create (POST /api/show/:id/season)","api/smoke/show/show-seasons.smoke.spec.js","",""
"","2757","TC_MED_007_GET_SortDescending","regression","2026-05-17","passed","2026-05-17","3b. Read Media - variantes","api/regression/media/media-advanced.regression.spec.js","",""
"","153","TC_LOG_003_POST_UpdateLogoPosition","regression","2026-05-17","failed","2026-05-17","Live Stream Logo API - Exhaustive Suite (Static Assets) > 1. Suite: Casos Positivos y Persistencia","api/regression/live/live-logo.regression.spec.js","",""
"","813","TC_MED_010_UPDATE_ChangeTitleOnly","smoke","2026-05-17","passed","2026-05-17","Media - Smoke","api/smoke/media/media-crud.smoke.spec.js","",""
"","53","TC_SCH_030_POST_NullValues_ShouldRejectOrHandle","integration","2026-05-17","passed","2026-05-17","Schedule-Job API (Live Stream) > 6. Edge Cases","api/integration/live/live-schedule.integration.spec.js","",""
"","32","[PL-NEG] 400 o 500 cuando falta el campo name","regression","2026-05-17","passed","2026-05-17","POST /api/playlist - Validaciones negativas","api/regression/playlist/playlist-advanced.regression.spec.js","",""
"","5045","TC_MED_014a_FILTER_TitleIs","regression","2026-05-17","passed","2026-05-17","6. Filtros Avanzados (filterData)","api/regression/media/media-advanced.regression.spec.js","",""
"","4776","TC_LIV_034_POST_RemoveAd","regression","2026-05-17","passed","2026-05-17","8. Configuración Avanzada","api/regression/live/live-advanced.regression.spec.js","",""
"","22","TC_SCH_023_GET_WithInvalidToken_ShouldReturn401or403","integration","2026-05-17","passed","2026-05-17","Schedule-Job API (Live Stream) > 5. Seguridad — Autenticación y Autorización","api/integration/live/live-schedule.integration.spec.js","",""
"","64","TC_MED_POST_transcription_not_found","integration","2026-05-17","passed","2026-05-17","Media Sub-resources — Transcription POST (auth/validation)","api/integration/media/media-subresources.integration.spec.js","",""
"","275","TC_SHW_DELETE_season_not_found","integration","2026-05-17","passed","2026-05-17","Show Season — Delete (DELETE /api/show/:id/season/:seasonId)","api/integration/show/show-seasons.integration.spec.js","",""
"","1592","TC_SHW_GET_episode_list_no_token","integration","2026-05-17","passed","2026-05-17","Show Episode — List (GET /api/show/:id/season/:seasonId/episode)","api/integration/show/show-episodes.integration.spec.js","",""
"","2806","TC_SHW_GET_season_list_valid","integration","2026-05-17","passed","2026-05-17","Show Season — List (GET /api/show/:id/season)","api/integration/show/show-seasons.integration.spec.js","",""
"","386","TC-010: Obtener cupón por ID","smoke","2026-05-17","passed","2026-05-17","Cupones - Smoke","api/smoke/cupones/cupones.smoke.spec.js","",""
"","42","TC_SCH_018_POST_RecurringWithoutDays_Behavior","integration","2026-05-17","passed","2026-05-17","Schedule-Job API (Live Stream) > 4. Validaciones de Fechas y Tiempos","api/integration/live/live-schedule.integration.spec.js","",""
"","5411","TC_LOG_001_POST_UploadValidLogo","regression","2026-05-17","failed","2026-05-17","Live Stream Logo API - Exhaustive Suite (Static Assets) > 1. Suite: Casos Positivos y Persistencia","api/regression/live/live-logo.regression.spec.js","",""
"","15","TC_SCH_026_GET_MalformedLiveId_ShouldReturn400or404","integration","2026-05-17","passed","2026-05-17","Schedule-Job API (Live Stream) > 6. Edge Cases","api/integration/live/live-schedule.integration.spec.js","",""
"","60","[PL-SMOKE-002] GET lista respeta parámetro limit","smoke","2026-05-17","passed","2026-05-17","Playlist - Smoke","api/smoke/playlist/playlist-crud.smoke.spec.js","",""
"","997","TC_SHW_NEG_041_UPDATE_NonExistentShow","regression","2026-05-17","passed","2026-05-17","3. Update (POST /api/show/:id)","api/regression/show/show-advanced.regression.spec.js","",""
"","43","TC_SCH_016_POST_InvalidMinuteValue_ShouldReject","integration","2026-05-17","passed","2026-05-17","Schedule-Job API (Live Stream) > 4. Validaciones de Fechas y Tiempos","api/integration/live/live-schedule.integration.spec.js","",""
"","20","[PL-NEG] 400 o 500 con type con valor inválido","regression","2026-05-17","passed","2026-05-17","POST /api/playlist - Validaciones negativas","api/regression/playlist/playlist-advanced.regression.spec.js","",""
"","7620","TC_SCH_010_POST_CreateScheduleJob @critical","smoke","2026-05-17","passed","2026-05-17","Schedule - Smoke","api/smoke/schedule/schedule.smoke.spec.js","",""
"","893","TC_MED_THUMBNAIL_UPLOAD_POST","regression","2026-05-17","skipped","2026-05-17","11. Subrecursos Adicionales","api/regression/media/media-advanced.regression.spec.js","",""
"","90","TC_CPN_GET_group_list_valid","regression","2026-05-17","passed","2026-05-17","Coupon Group — List (GET /api/coupon-group)","api/regression/cupones/coupon-group.regression.spec.js","",""
"","5360","TC_SHW_072_VALIDATION_SpecialCharactersInTitle","regression","2026-05-17","passed","2026-05-17","5. Edge Cases y Validaciones","api/regression/show/show-advanced.regression.spec.js","",""
"","215","[BR-PL-002] El slug se genera automáticamente al crear la playlist","regression","2026-05-17","passed","2026-05-17","Reglas de negocio (BR)","api/regression/playlist/playlist-advanced.regression.spec.js","",""
"","16","TC_SCH_022_DELETE_WithoutToken_ShouldReturn401or403","integration","2026-05-17","passed","2026-05-17","Schedule-Job API (Live Stream) > 5. Seguridad — Autenticación y Autorización","api/integration/live/live-schedule.integration.spec.js","",""
"","0","TC_ART_GET_list_without_category_by_id","integration","2026-05-17","skipped","2026-05-17","Article API - CRUD & Search Operations > 4. List & Filters (GET /api/article)","api/integration/article/article.integration.spec.js","",""
"","59","TC_SHW_070_VALIDATION_EmptyTitle","regression","2026-05-17","passed","2026-05-17","5. Edge Cases y Validaciones","api/regression/show/show-advanced.regression.spec.js","",""
"","418","TC_SHW_GET_season_list_no_token","integration","2026-05-17","passed","2026-05-17","Show Season — List (GET /api/show/:id/season)","api/integration/show/show-seasons.integration.spec.js","",""
"","1716","TC_SHW_GET_episode_by_id_valid","integration","2026-05-17","passed","2026-05-17","Show Episode — Get by ID (GET /api/show/:id/season/:seasonId/episode/:episodeId)","api/integration/show/show-episodes.integration.spec.js","",""
"","772","TC_CON_MED_001 POST /api/media response schema","contract","2026-05-17","passed","2026-05-17","Media - Contract","api/contract/media/media.contract.spec.js","",""
"","26","TC_AT_POST_issue_invalid_type","smoke","2026-05-17","passed","2026-05-17","Access Token — Issue (POST /api/access/issue)","api/smoke/access/access-token.smoke.spec.js","",""
"","179","TC-001: GET lista básica retorna OK y array","smoke","2026-05-17","passed","2026-05-17","Cupones - Smoke","api/smoke/cupones/cupones.smoke.spec.js","",""
"","67","TC_CPN_POST_group_create_duplicate_name","regression","2026-05-17","passed","2026-05-17","Coupon Group — Create (POST /api/coupon-group)","api/regression/cupones/coupon-group.regression.spec.js","",""
"","5808","TC_SHW_POST_episode_missing_content","integration","2026-05-17","passed","2026-05-17","Show Episode — Create (POST /api/show/:id/season/:seasonId/episode)","api/integration/show/show-episodes.integration.spec.js","",""
"","790","TC_MED_014_DELETE_AlreadyDeleted","regression","2026-05-17","passed","2026-05-17","5b. Delete Media - variantes","api/regression/media/media-advanced.regression.spec.js","",""
"","210","TC_SHW_NEG_010_GET_NonExistentShow","smoke","2026-05-17","passed","2026-05-17","Show - Smoke","api/smoke/show/show-crud.smoke.spec.js","",""
"","1102","TC-CAT-POST-002: Crear categoría completa con parent, drm, track y visible","smoke","2026-05-17","passed","2026-05-17","POST /api/category - Creación de categorías","api/smoke/category/category-crud.smoke.spec.js","",""
"","131","TC_SCH_005_POST_CreateScheduleJobBasic","integration","2026-05-17","passed","2026-05-17","Schedule-Job API (Live Stream) > 2. POST — Crear y Actualizar Schedule-Job","api/integration/live/live-schedule.integration.spec.js","",""
"","79","[BR-PL-005] El type es mutable: actualizar con type diferente sí lo cambia","regression","2026-05-17","passed","2026-05-17","Reglas de negocio (BR)","api/regression/playlist/playlist-advanced.regression.spec.js","",""
"","53","TC_LOG_011_GET_VerifyCleanState","regression","2026-05-17","passed","2026-05-17","Live Stream Logo API - Exhaustive Suite (Static Assets) > 3. Suite: Eliminación y Limpieza","api/regression/live/live-logo.regression.spec.js","",""
"","52","TC_SHW_NEG_002_POST_MissingTitle","smoke","2026-05-17","passed","2026-05-17","Show - Smoke","api/smoke/show/show-crud.smoke.spec.js","",""
"","23","TC_LIV_POST_quizzes_create_no_token","integration","2026-05-17","passed","2026-05-17","Live Quizzes — Create (POST /api/live-stream/:id/quizzes)","api/integration/live/live-quizzes.integration.spec.js","",""
"","4596","TC_MED_IMAGE_GET_NotFound","regression","2026-05-17","passed","2026-05-17","11. Subrecursos Adicionales","api/regression/media/media-advanced.regression.spec.js","",""
"","1","[PL-FUNC-001.3.1] El token generado aparece en el detalle de la playlist","regression","2026-05-17","skipped","2026-05-17","Access Tokens","api/regression/playlist/playlist-advanced.regression.spec.js","",""
"","94","TC-009: Error con datos inválidos","regression","2026-05-17","passed","2026-05-17","Cupones - POST avanzado","api/regression/cupones/cupones-advanced.regression.spec.js","",""
"","905","[PL-FUNC-001.1.5] Actualiza medias: agrega y vacía rules.manual.medias","regression","2026-05-17","passed","2026-05-17","PUT /api/playlist/{id} - Actualización","api/regression/playlist/playlist-advanced.regression.spec.js","",""
"","0","TC_THB_005_POST_UploadNoToken","smoke","2026-05-17","skipped","2026-05-17","Live Stream Thumbnail API - Batería de Pruebas > 2. Suite: Seguridad (Auth)","api/smoke/live/live-thumbnail.smoke.spec.js","",""
"","6890","TC_SCH_003_GET_RestreamList_StableOnRepeat","regression","2026-05-17","passed","2026-05-17","Schedule - Regression","api/regression/schedule/schedule-advanced.regression.spec.js","",""
"","744","TC_MED_META_GET","regression","2026-05-17","passed","2026-05-17","10. Subrecursos (Metas)","api/regression/media/media-advanced.regression.spec.js","",""
"","61","TC_SCH_003_GET_ScheduleJob_ResponseHeaders","integration","2026-05-17","passed","2026-05-17","Schedule-Job API (Live Stream) > 1. GET — Consulta de Schedule-Job","api/integration/live/live-schedule.integration.spec.js","",""
"","605","TC_MED_005b_GET_ListWithoutCategory","regression","2026-05-17","passed","2026-05-17","3b. Read Media - variantes","api/regression/media/media-advanced.regression.spec.js","",""
"","1","[PL-NEG] 400 al crear token sin nombre","regression","2026-05-17","skipped","2026-05-17","Access Tokens","api/regression/playlist/playlist-advanced.regression.spec.js","",""
"","677","TC_MED_THUMBS_GET","regression","2026-05-17","passed","2026-05-17","11. Subrecursos Adicionales","api/regression/media/media-advanced.regression.spec.js","",""
"","96","TC_LIV_DELETE_quizzes_valid","integration","2026-05-17","passed","2026-05-17","Live Quizzes — Delete (DELETE /api/live-stream/:id/quizzes/:quizId)","api/integration/live/live-quizzes.integration.spec.js","",""
"","210","TC_CON_AD_002 GET /api/ad/:id response schema","contract","2026-05-17","passed","2026-05-17","Ad - Contract","api/contract/ad/ad.contract.spec.js","",""
"","125","[PL-SMOKE-003] POST crea playlist manual mínima","smoke","2026-05-17","passed","2026-05-17","Playlist - Smoke","api/smoke/playlist/playlist-crud.smoke.spec.js","",""
"","124","TC_MED_META_GET_NotFound","regression","2026-05-17","passed","2026-05-17","10. Subrecursos (Metas)","api/regression/media/media-advanced.regression.spec.js","",""
"","5602","TC_SCH_005_POST_CreateScheduleJob_HappyPath @critical","regression","2026-05-17","passed","2026-05-17","Schedule - Regression","api/regression/schedule/schedule-advanced.regression.spec.js","",""
"","15","TC_EPG_S_005_GET_EpgInput_New_Template","smoke","2026-05-17","passed","2026-05-17","EPG - Smoke","api/smoke/epg/epg.smoke.spec.js","",""
"","52","TC_SHW_POST_season_empty_title","smoke","2026-05-17","passed","2026-05-17","Show Season — Create (POST /api/show/:id/season)","api/smoke/show/show-seasons.smoke.spec.js","",""
"","1643","TC_SHW_001_POST_CreateMinimal","smoke","2026-05-17","passed","2026-05-17","Show - Smoke","api/smoke/show/show-crud.smoke.spec.js","",""
"","85","TC_AT_POST_issue_live_valid","smoke","2026-05-17","passed","2026-05-17","Access Token — Issue (POST /api/access/issue)","api/smoke/access/access-token.smoke.spec.js","",""
"","4993","TC_SCH_022_DELETE_ScheduleJob_Twice_Returns404 @negative","regression","2026-05-17","passed","2026-05-17","Schedule - Regression","api/regression/schedule/schedule-advanced.regression.spec.js","",""
"","728","TC_SHW_POST_episode_update_no_token","integration","2026-05-17","passed","2026-05-17","Show Episode — Update (POST /api/show/:id/season/:seasonId/episode/:episodeId)","api/integration/show/show-episodes.integration.spec.js","",""
"","9097","TC_SCH_020_DELETE_ScheduleJob_CascadeCleansSchedule @critical","regression","2026-05-17","passed","2026-05-17","Schedule - Regression","api/regression/schedule/schedule-advanced.regression.spec.js","",""
"","3617","TC_SHW_GET_season_list_with_limit","integration","2026-05-17","passed","2026-05-17","Show Season — List (GET /api/show/:id/season)","api/integration/show/show-seasons.integration.spec.js","",""
"","7185","TC_SCH_017_DELETE_ScheduleJob @critical","smoke","2026-05-17","passed","2026-05-17","Schedule - Smoke","api/smoke/schedule/schedule.smoke.spec.js","",""
"","0","TC_CON_AR_002 GET /api/settings/advanced-access-restrictions/:id response schema","contract","2026-05-17","skipped","2026-05-17","Access Restriction - Contract","api/contract/access_restriction/access_restriction.contract.spec.js","",""
"","272","TC_AD_GET_search_by_name","smoke","2026-05-17","passed","2026-05-17","Ad - List & Search","api/smoke/ad/ad-crud.smoke.spec.js","",""
"","60","TC_SHW_POST_season_invalid_token","smoke","2026-05-17","passed","2026-05-17","Show Season — Create (POST /api/show/:id/season)","api/smoke/show/show-seasons.smoke.spec.js","",""
"","596","TC_SHW_GET_season_by_id_no_token","integration","2026-05-17","passed","2026-05-17","Show Season — Get by ID (GET /api/show/:id/season/:seasonId)","api/integration/show/show-seasons.integration.spec.js","",""
"","74","TC_CST_GET_by_id_not_found","smoke","2026-05-17","passed","2026-05-17","Customer — Get by ID (GET /api/customer?id=:id)","api/smoke/customer/customer.smoke.spec.js","",""
"","678","TC_MED_013_DELETE_Success","smoke","2026-05-17","passed","2026-05-17","Media - Smoke","api/smoke/media/media-crud.smoke.spec.js","",""
"","2670","TC_MED_006_GET_ListValidPagination","regression","2026-05-17","passed","2026-05-17","3b. Read Media - variantes","api/regression/media/media-advanced.regression.spec.js","",""
"","108","TC_LIV_POST_quizzes_create_valid","integration","2026-05-17","passed","2026-05-17","Live Quizzes — Create (POST /api/live-stream/:id/quizzes)","api/integration/live/live-quizzes.integration.spec.js","",""
"","29","ID inexistente devuelve 404","smoke","2026-05-17","passed","2026-05-17","Ad - GET","api/smoke/ad/ad-crud.smoke.spec.js","",""
"","1309","TC_SHW_010_GET_ExistingShowDetail","smoke","2026-05-17","passed","2026-05-17","Show - Smoke","api/smoke/show/show-crud.smoke.spec.js","",""
"","4197","TC_SHW_001_INSERT_MinimalPayload - schema validation","regression","2026-05-17","passed","2026-05-17","1. Create (POST /api/show)","api/regression/show/show-advanced.regression.spec.js","",""
"","3886","TC_SHW_GET_season_list_empty_show","integration","2026-05-17","passed","2026-05-17","Show Season — List (GET /api/show/:id/season)","api/integration/show/show-seasons.integration.spec.js","",""
"","2141","TC_MED_POST_chapters_no_token","integration","2026-05-17","passed","2026-05-17","Media Sub-resources — Chapters POST (AI generate)","api/integration/media/media-subresources.integration.spec.js","",""
"","93","TC_MED_GET_metadata_no_token","integration","2026-05-17","passed","2026-05-17","Media Sub-resources — Metadata GET","api/integration/media/media-subresources.integration.spec.js","",""
"","722","TC_AD_GET_list_default","smoke","2026-05-17","passed","2026-05-17","Ad - List & Search","api/smoke/ad/ad-crud.smoke.spec.js","",""
"","51","TC_SCH_028_POST_VeryLongStringInDates_ShouldReject","integration","2026-05-17","passed","2026-05-17","Schedule-Job API (Live Stream) > 6. Edge Cases","api/integration/live/live-schedule.integration.spec.js","",""
"","72","[PL-SMOKE-006] DELETE elimina playlist y verifica 404 en GET","smoke","2026-05-17","passed","2026-05-17","Playlist - Smoke","api/smoke/playlist/playlist-crud.smoke.spec.js","",""
"","5230","TC_SCH_019_AUTH_NoToken @negative","smoke","2026-05-17","passed","2026-05-17","Schedule - Smoke","api/smoke/schedule/schedule.smoke.spec.js","",""
"","122","[PL-NEG] 404 al eliminar playlist inexistente","regression","2026-05-17","passed","2026-05-17","DELETE /api/playlist - negativo","api/regression/playlist/playlist-advanced.regression.spec.js","",""
"","1999","TC_SHW_POST_episode_order_auto_assigned","integration","2026-05-17","passed","2026-05-17","Show Episode — Create (POST /api/show/:id/season/:seasonId/episode)","api/integration/show/show-episodes.integration.spec.js","",""
"","630","TC_SHW_002_INSERT_FullPayload","regression","2026-05-17","passed","2026-05-17","1. Create (POST /api/show)","api/regression/show/show-advanced.regression.spec.js","",""
"","83","[PL-SMOKE-004] GET detalle retorna campos obligatorios y schema válido","smoke","2026-05-17","passed","2026-05-17","Playlist - Smoke","api/smoke/playlist/playlist-crud.smoke.spec.js","",""
"","170","TC_SHW_NEG_001_INSERT_MissingAccount","regression","2026-05-17","passed","2026-05-17","1. Create (POST /api/show)","api/regression/show/show-advanced.regression.spec.js","",""
"","1359","TC_SHW_NEG_040_UPDATE_CannotChangeShowType","regression","2026-05-17","passed","2026-05-17","3. Update (POST /api/show/:id)","api/regression/show/show-advanced.regression.spec.js","",""
"","12","TC_EPG_S_006_POST_EpgSync_HappyPath @critical","smoke","2026-05-17","skipped","2026-05-17","EPG - Smoke","api/smoke/epg/epg.smoke.spec.js","",""
"","53","TC_SCH_001_GET_ScheduleJobFromExistingLive","integration","2026-05-17","passed","2026-05-17","Schedule-Job API (Live Stream) > 1. GET — Consulta de Schedule-Job","api/integration/live/live-schedule.integration.spec.js","",""
"","527","TC_MED_014c_FILTER_TitleStartsEndsWith","regression","2026-05-17","passed","2026-05-17","6. Filtros Avanzados (filterData)","api/regression/media/media-advanced.regression.spec.js","",""
"","4487","TC_LIV_006_GET_SearchByName","regression","2026-05-17","passed","2026-05-17","2. Búsqueda y Filtros","api/regression/live/live-advanced.regression.spec.js","",""
"","27","TC-CAT-POST-NEG-003: Debe fallar si parent no es un ID válido","smoke","2026-05-17","passed","2026-05-17","POST /api/category - Creación de categorías","api/smoke/category/category-crud.smoke.spec.js","",""
"","1021","TC_SHW_POST_season_update_persists","integration","2026-05-17","passed","2026-05-17","Show Season — Update (POST /api/show/:id/season/:seasonId)","api/integration/show/show-seasons.integration.spec.js","",""
"","352","Debe listar y contener la categoría hija creada","smoke","2026-05-17","passed","2026-05-17","GET /api/category - Búsqueda y listados de categorías","api/smoke/category/category-crud.smoke.spec.js","",""
"","78","TC_LIV_021_GET_FilterFavorites","regression","2026-05-17","passed","2026-05-17","2. Búsqueda y Filtros","api/regression/live/live-advanced.regression.spec.js","",""
"","883","TC_MED_THUMB_DELETE","regression","2026-05-17","passed","2026-05-17","11. Subrecursos Adicionales","api/regression/media/media-advanced.regression.spec.js","",""
"","1829","TC_MED_014e_FILTER_TypeVideo","regression","2026-05-17","passed","2026-05-17","6. Filtros Avanzados (filterData)","api/regression/media/media-advanced.regression.spec.js","",""
"","197","TC_THB_001_POST_UploadThumbnail","smoke","2026-05-17","passed","2026-05-17","Live Stream Thumbnail API - Batería de Pruebas > 1. Suite: Casos Positivos y Persistencia","api/smoke/live/live-thumbnail.smoke.spec.js","",""
"","266","TC_SHW_004_INSERT_NextEpisodeDefault","regression","2026-05-17","passed","2026-05-17","1. Create (POST /api/show)","api/regression/show/show-advanced.regression.spec.js","",""
"","22","TC_SCH_002_GET_ScheduleJob_NotFound_FakeId","integration","2026-05-17","passed","2026-05-17","Schedule-Job API (Live Stream) > 1. GET — Consulta de Schedule-Job","api/integration/live/live-schedule.integration.spec.js","",""
"","96","[PL-FUNC-001.1.5] Actualiza nombre y descripción","regression","2026-05-17","passed","2026-05-17","PUT /api/playlist/{id} - Actualización","api/regression/playlist/playlist-advanced.regression.spec.js","",""
"","3607","TC_CST_POST_update_status_inactive","smoke","2026-05-17","passed","2026-05-17","Customer — Update (POST /api/customer/:id)","api/smoke/customer/customer.smoke.spec.js","",""
"","354","TC-011: Buscar cupón por código","regression","2026-05-17","passed","2026-05-17","Cupones - GET avanzado","api/regression/cupones/cupones-advanced.regression.spec.js","",""
"","58","TC_SHW_POST_season_show_not_found","smoke","2026-05-17","passed","2026-05-17","Show Season — Create (POST /api/show/:id/season)","api/smoke/show/show-seasons.smoke.spec.js","",""
"","602","TC_SHW_POST_episode_with_optional_fields","integration","2026-05-17","passed","2026-05-17","Show Episode — Create (POST /api/show/:id/season/:seasonId/episode)","api/integration/show/show-episodes.integration.spec.js","",""
"","154","TC_CON_PL_003 GET /api/playlist list response schema","contract","2026-05-17","passed","2026-05-17","Playlist - Contract","api/contract/playlist/playlist.contract.spec.js","",""
"","8731","TC_SHW_GET_season_by_id_valid","integration","2026-05-17","passed","2026-05-17","Show Season — Get by ID (GET /api/show/:id/season/:seasonId)","api/integration/show/show-seasons.integration.spec.js","",""
"","4171","TC_CON_SHW_001 POST /api/show response schema","contract","2026-05-17","passed","2026-05-17","Show - Contract","api/contract/show/show.contract.spec.js","",""
"","426","TC_SHW_DELETE_episode_not_found","integration","2026-05-17","passed","2026-05-17","Show Episode — Delete (DELETE /api/show/:id/season/:seasonId/episode/:episodeId)","api/integration/show/show-episodes.integration.spec.js","",""
"","1204","TC_LOG_008_POST_UploadEmptyFile","regression","2026-05-17","skipped","2026-05-17","Live Stream Logo API - Exhaustive Suite (Static Assets) > 2. Suite: Límites y Validaciones Negativas","api/regression/live/live-logo.regression.spec.js","",""
"","247","TC_LOG_010_DELETE_RemoveLogo","regression","2026-05-17","passed","2026-05-17","Live Stream Logo API - Exhaustive Suite (Static Assets) > 3. Suite: Eliminación y Limpieza","api/regression/live/live-logo.regression.spec.js","",""
"","0","[BR-PL-010] Los tokens generados son únicos entre sí","regression","2026-05-17","skipped","2026-05-17","Access Tokens","api/regression/playlist/playlist-advanced.regression.spec.js","",""
"","6451","TC_SCH_016_POST_UpdateScheduleJob @critical","smoke","2026-05-17","passed","2026-05-17","Schedule - Smoke","api/smoke/schedule/schedule.smoke.spec.js","",""
"","423","TC_SHW_GET_season_by_id_with_populate","integration","2026-05-17","passed","2026-05-17","Show Season — Get by ID (GET /api/show/:id/season/:seasonId)","api/integration/show/show-seasons.integration.spec.js","",""
"","457","TC_SHW_GET_episode_list_empty_season","integration","2026-05-17","passed","2026-05-17","Show Episode — List (GET /api/show/:id/season/:seasonId/episode)","api/integration/show/show-episodes.integration.spec.js","",""
"","473","TC_CST_POST_create_duplicate_email","smoke","2026-05-17","passed","2026-05-17","Customer — Create (POST /api/customer)","api/smoke/customer/customer.smoke.spec.js","",""
"","22","TC_LOG_014_DELETE_RemoveNoToken","regression","2026-05-17","passed","2026-05-17","Live Stream Logo API - Exhaustive Suite (Static Assets) > 4. Suite: Seguridad (Auth)","api/regression/live/live-logo.regression.spec.js","",""
"","166","TC_SCH_011_DELETE_ScheduleJobById","integration","2026-05-17","passed","2026-05-17","Schedule-Job API (Live Stream) > 3. DELETE — Eliminar Schedule-Job","api/integration/live/live-schedule.integration.spec.js","",""
"","7078","TC_LIV_039_POST_EnableDVR","regression","2026-05-17","passed","2026-05-17","8. Configuración Avanzada","api/regression/live/live-advanced.regression.spec.js","",""
"","5257","TC_LIV_014_POST_SetFavorite","regression","2026-05-17","passed","2026-05-17","4. Favoritos (toggle-bookmark)","api/regression/live/live-advanced.regression.spec.js","",""
"","48","TC_THB_003_POST_SetDefaultThumbnail","smoke","2026-05-17","failed","2026-05-17","Live Stream Thumbnail API - Batería de Pruebas > 1. Suite: Casos Positivos y Persistencia","api/smoke/live/live-thumbnail.smoke.spec.js","",""
"","806","TC_LOG_004_POST_SetExternalLogoUrl","regression","2026-05-17","failed","2026-05-17","Live Stream Logo API - Exhaustive Suite (Static Assets) > 1. Suite: Casos Positivos y Persistencia","api/regression/live/live-logo.regression.spec.js","",""
"","5128","TC_LIV_025_GET_ThumbList","regression","2026-05-17","passed","2026-05-17","7. Thumbnails y Logo","api/regression/live/live-advanced.regression.spec.js","",""
"","233","TC_SHW_POST_episode_season_not_found","integration","2026-05-17","passed","2026-05-17","Show Episode — Create (POST /api/show/:id/season/:seasonId/episode)","api/integration/show/show-episodes.integration.spec.js","",""
"","1065","TC_SHW_051_REMOVE_ShowStatusDeletedAfterRemove","regression","2026-05-17","passed","2026-05-17","4. Remove (DELETE /api/show/:id)","api/regression/show/show-advanced.regression.spec.js","",""
"","21","TC_AT_POST_issue_missing_id","smoke","2026-05-17","passed","2026-05-17","Access Token — Issue (POST /api/access/issue)","api/smoke/access/access-token.smoke.spec.js","",""
"","0","TC_THB_004_DELETE_RemoveThumbnail","smoke","2026-05-17","skipped","2026-05-17","Live Stream Thumbnail API - Batería de Pruebas > 1. Suite: Casos Positivos y Persistencia","api/smoke/live/live-thumbnail.smoke.spec.js","",""
"","9079","TC_SCH_013_GET_DerivedScheduleList","smoke","2026-05-17","passed","2026-05-17","Schedule - Smoke","api/smoke/schedule/schedule.smoke.spec.js","",""
"","291","TC_SHW_011_GET_ShowWithPopulate","regression","2026-05-17","passed","2026-05-17","2. Read (GET /api/show/:id)","api/regression/show/show-advanced.regression.spec.js","",""
"","37","TC-013: Error para cupón inexistente","smoke","2026-05-17","passed","2026-05-17","Cupones - Smoke","api/smoke/cupones/cupones.smoke.spec.js","",""
"","12295","TC_SCH_001_GET_LiveStreamScheduleJobList","regression","2026-05-17","passed","2026-05-17","Schedule - Regression","api/regression/schedule/schedule-advanced.regression.spec.js","",""
"","402","Debe devolver OK y un array de categorías (sin filtros)","smoke","2026-05-17","passed","2026-05-17","GET /api/category - Búsqueda y listados de categorías","api/smoke/category/category-crud.smoke.spec.js","",""
"","103","TC_SHW_071_VALIDATION_VeryLongTitle","regression","2026-05-17","passed","2026-05-17","5. Edge Cases y Validaciones","api/regression/show/show-advanced.regression.spec.js","",""
"","51","TC_SHW_POST_season_missing_title","smoke","2026-05-17","passed","2026-05-17","Show Season — Create (POST /api/show/:id/season)","api/smoke/show/show-seasons.smoke.spec.js","",""
"","291","TC_CST_POST_update_persists","smoke","2026-05-17","passed","2026-05-17","Customer — Update (POST /api/customer/:id)","api/smoke/customer/customer.smoke.spec.js","",""
"","4","TC_EPG_I_003_SyncedJobs_VisibleInScheduleJobList","integration","2026-05-17","skipped","2026-05-17","EPG - Integration","api/integration/epg/epg.integration.spec.js","",""
"","982","TC_SHW_POST_episode_update_title","integration","2026-05-17","passed","2026-05-17","Show Episode — Update (POST /api/show/:id/season/:seasonId/episode/:episodeId)","api/integration/show/show-episodes.integration.spec.js","",""
"","604","Crear Ad mínimo (name, type, flags)","smoke","2026-05-17","passed","2026-05-17","Ad - Creación","api/smoke/ad/ad-crud.smoke.spec.js","",""
"","6201","TC_LIV_030_POST_MediaLive","regression","2026-05-17","passed","2026-05-17","8. Configuración Avanzada","api/regression/live/live-advanced.regression.spec.js","",""
"","9231","TC_LIV_027_028_POST_LogoConfig","regression","2026-05-17","passed","2026-05-17","7. Thumbnails y Logo","api/regression/live/live-advanced.regression.spec.js","",""
"","36","TC_SHW_POST_season_no_token","smoke","2026-05-17","passed","2026-05-17","Show Season — Create (POST /api/show/:id/season)","api/smoke/show/show-seasons.smoke.spec.js","",""
"","4580","TC_LIV_044_GET_Schedule","regression","2026-05-17","passed","2026-05-17","9. Schedule y Restream","api/regression/live/live-advanced.regression.spec.js","",""
"","38","TC_AD_GET_list_pagination","smoke","2026-05-17","passed","2026-05-17","Ad - List & Search","api/smoke/ad/ad-crud.smoke.spec.js","",""
"","122","TC_LIV_002_GET_ListStreams","smoke","2026-05-17","passed","2026-05-17","Live Stream - Smoke","api/smoke/live/live-crud.smoke.spec.js","",""
"","1045","TC_SHW_POST_season_update_description","integration","2026-05-17","passed","2026-05-17","Show Season — Update (POST /api/show/:id/season/:seasonId)","api/integration/show/show-seasons.integration.spec.js","",""
"","62","TC_MED_SUBTITLE_GET_NotFound","regression","2026-05-17","passed","2026-05-17","11. Subrecursos Adicionales","api/regression/media/media-advanced.regression.spec.js","",""
"","315","TC_SHW_POST_season_order_auto_assigned","smoke","2026-05-17","passed","2026-05-17","Show Season — Create (POST /api/show/:id/season)","api/smoke/show/show-seasons.smoke.spec.js","",""
"","11359","TC_EPG_I_005_DeleteLiveStream_CascadesScheduleJobs @critical","integration","2026-05-17","passed","2026-05-17","EPG - Integration","api/integration/epg/epg.integration.spec.js","",""
"","726","TC_CON_MED_003 GET /api/media list response schema","contract","2026-05-17","passed","2026-05-17","Media - Contract","api/contract/media/media.contract.spec.js","",""
"","12251","TC_LIV_029_DELETE_RemoveLogo","regression","2026-05-17","passed","2026-05-17","7. Thumbnails y Logo","api/regression/live/live-advanced.regression.spec.js","",""
"","3865","TC_SHW_042_UPDATE_NextEpisodeValidation","regression","2026-05-17","passed","2026-05-17","3. Update (POST /api/show/:id)","api/regression/show/show-advanced.regression.spec.js","",""
"","224","TC-008: Error al crear cupón con código duplicado","regression","2026-05-17","passed","2026-05-17","Cupones - POST avanzado","api/regression/cupones/cupones-advanced.regression.spec.js","",""
"","40","TC_CST_POST_create_missing_password","smoke","2026-05-17","passed","2026-05-17","Customer — Create (POST /api/customer)","api/smoke/customer/customer.smoke.spec.js","",""
"","4","TC_EPG_I_001_FullSyncFlow_CreatesScheduleJobs @critical","integration","2026-05-17","skipped","2026-05-17","EPG - Integration","api/integration/epg/epg.integration.spec.js","",""
"","6","TC_EPG_C_003_POST_EpgSync_ResponseSchema @contract","contract","2026-05-17","skipped","2026-05-17","EPG - Contract","api/contract/epg/epg.contract.spec.js","",""
"","188","TC_EPG_S_003_PUT_UpdateEpgInput @critical","smoke","2026-05-17","passed","2026-05-17","EPG - Smoke","api/smoke/epg/epg.smoke.spec.js","",""
"","73","TC_MED_018_SEARCH_VisibilityAdmin","regression","2026-05-17","passed","2026-05-17","7. Search (GET /api/media/search)","api/regression/media/media-search.regression.spec.js","",""
"","156","Actualizar Ad existente (200)","smoke","2026-05-17","passed","2026-05-17","Ad - Update","api/smoke/ad/ad-crud.smoke.spec.js","",""
"","49","TC_AT_POST_issue_missing_type","smoke","2026-05-17","passed","2026-05-17","Access Token — Issue (POST /api/access/issue)","api/smoke/access/access-token.smoke.spec.js","",""
"","89","TC_ART_POST_preview_valid","integration","2026-05-17","passed","2026-05-17","Article API - CRUD & Search Operations > 6. AI & Preview","api/integration/article/article.integration.spec.js","",""
"","213","TC-CAT-POST-001: Crear categoría mínima (solo name)","smoke","2026-05-17","passed","2026-05-17","POST /api/category - Creación de categorías","api/smoke/category/category-crud.smoke.spec.js","",""
"","147","TC_SCH_027_GET_JobById_WhenJobDoesNotExist","integration","2026-05-17","passed","2026-05-17","Schedule-Job API (Live Stream) > 6. Edge Cases","api/integration/live/live-schedule.integration.spec.js","",""
"","194","min_media_time_length negativo se normaliza o devuelve 400","smoke","2026-05-17","passed","2026-05-17","Ad - Update","api/smoke/ad/ad-crud.smoke.spec.js","",""
"","172","TC_AT_POST_issue_tokens_are_unique","smoke","2026-05-17","passed","2026-05-17","Access Token — Issue (POST /api/access/issue)","api/smoke/access/access-token.smoke.spec.js","",""
"","63","TC_CPN_GET_group_subgroups_valid","regression","2026-05-17","passed","2026-05-17","Coupon Group — Subgroups (GET /api/coupon-group/:id)","api/regression/cupones/coupon-group.regression.spec.js","",""
"","51","TC_ART_POST_create_missing_title","integration","2026-05-17","passed","2026-05-17","Article API - CRUD & Search Operations > 1. Create (POST /api/article)","api/integration/article/article.integration.spec.js","",""
"","689","TC_SHW_DELETE_episode_valid","integration","2026-05-17","passed","2026-05-17","Show Episode — Delete (DELETE /api/show/:id/season/:seasonId/episode/:episodeId)","api/integration/show/show-episodes.integration.spec.js","",""
"","160","TC-003: Validar estructura de datos del listado","smoke","2026-05-17","passed","2026-05-17","Cupones - Smoke","api/smoke/cupones/cupones.smoke.spec.js","",""
"","312","TC_EPG_S_001_POST_CreateEpgInput @critical","smoke","2026-05-17","passed","2026-05-17","EPG - Smoke","api/smoke/epg/epg.smoke.spec.js","",""
"","80","TC_AT_POST_issue_with_ip_param","smoke","2026-05-17","passed","2026-05-17","Access Token — Issue (POST /api/access/issue)","api/smoke/access/access-token.smoke.spec.js","",""
"","223","TC_MED_GET_metadata_not_found","integration","2026-05-17","passed","2026-05-17","Media Sub-resources — Metadata GET","api/integration/media/media-subresources.integration.spec.js","",""
"","33","TC_MED_POST_metadata_no_token","integration","2026-05-17","passed","2026-05-17","Media Sub-resources — Metadata POST (AI queue)","api/integration/media/media-subresources.integration.spec.js","",""
"","127","TC_ART_GET_update_persist_title_synopsis","integration","2026-05-17","passed","2026-05-17","Article API - CRUD & Search Operations > 3. Update (POST /api/article/:id)","api/integration/article/article.integration.spec.js","",""
"","41","TC_SCH_017_POST_SameonDateAndoffDate_ShouldReject","integration","2026-05-17","passed","2026-05-17","Schedule-Job API (Live Stream) > 4. Validaciones de Fechas y Tiempos","api/integration/live/live-schedule.integration.spec.js","",""
"","32","TC_LIV_DELETE_quizzes_not_found","integration","2026-05-17","passed","2026-05-17","Live Quizzes — Delete (DELETE /api/live-stream/:id/quizzes/:quizId)","api/integration/live/live-quizzes.integration.spec.js","",""
"","201","TC_MED_008_GET_DetailSuccess","smoke","2026-05-17","passed","2026-05-17","Media - Smoke","api/smoke/media/media-crud.smoke.spec.js","",""
"","353","TC_SCH_010_POST_CreateScheduleJob_PastDate_Behavior","integration","2026-05-17","passed","2026-05-17","Schedule-Job API (Live Stream) > 2. POST — Crear y Actualizar Schedule-Job","api/integration/live/live-schedule.integration.spec.js","",""
"","56","TC_LIV_003b_GET_DetailNotFound","smoke","2026-05-17","passed","2026-05-17","Live Stream - Smoke","api/smoke/live/live-crud.smoke.spec.js","",""
"","35","TC_ART_GET_list_count_flag","integration","2026-05-17","passed","2026-05-17","Article API - CRUD & Search Operations > 4. List & Filters (GET /api/article)","api/integration/article/article.integration.spec.js","",""
"","92","[PL-FUNC-001.3 / UC-PL-006] Aplica restricciones geográficas vía access_rules","regression","2026-05-17","passed","2026-05-17","PUT /api/playlist/{id} - Actualización","api/regression/playlist/playlist-advanced.regression.spec.js","",""
"","47","TC_LOG_012_DELETE_LogoIdempotency","regression","2026-05-17","passed","2026-05-17","Live Stream Logo API - Exhaustive Suite (Static Assets) > 3. Suite: Eliminación y Limpieza","api/regression/live/live-logo.regression.spec.js","",""
"","360","TC_SHW_POST_season_update_not_found","integration","2026-05-17","passed","2026-05-17","Show Season — Update (POST /api/show/:id/season/:seasonId)","api/integration/show/show-seasons.integration.spec.js","",""
"","1100","TC_MED_014d_FILTER_Published","regression","2026-05-17","passed","2026-05-17","6b. Filtros - Published","api/regression/media/media-advanced.regression.spec.js","",""
"","172","TC_MED_POST_metadata_valid","integration","2026-05-17","passed","2026-05-17","Media Sub-resources — Metadata POST (AI queue)","api/integration/media/media-subresources.integration.spec.js","",""
"","4732","TC_LIV_001_POST_CreateStreamVideo","smoke","2026-05-17","passed","2026-05-17","Live Stream - Smoke","api/smoke/live/live-crud.smoke.spec.js","",""
"","4345","TC_SCH_011_GET_ScheduleJobList @critical","smoke","2026-05-17","passed","2026-05-17","Schedule - Smoke","api/smoke/schedule/schedule.smoke.spec.js","",""
"","0","TC_ART_GET_search_by_title_and_tags","integration","2026-05-17","skipped","2026-05-17","Article API - CRUD & Search Operations > 5. Search (GET /api/article/search)","api/integration/article/article.integration.spec.js","",""
"","17","TC_LIV_POST_quizzes_create_missing_questions","integration","2026-05-17","passed","2026-05-17","Live Quizzes — Create (POST /api/live-stream/:id/quizzes)","api/integration/live/live-quizzes.integration.spec.js","",""
"","153","TC_CON_AD_001 POST /api/ad response schema","contract","2026-05-17","passed","2026-05-17","Ad - Contract","api/contract/ad/ad.contract.spec.js","",""
"","1848","TC_SHW_GET_episode_by_id_no_token","integration","2026-05-17","passed","2026-05-17","Show Episode — Get by ID (GET /api/show/:id/season/:seasonId/episode/:episodeId)","api/integration/show/show-episodes.integration.spec.js","",""
"","136","TC_LIV_POST_quizzes_update_title","integration","2026-05-17","passed","2026-05-17","Live Quizzes — Update (POST /api/live-stream/:id/quizzes/:quizId)","api/integration/live/live-quizzes.integration.spec.js","",""
"","2273","TC_AD_DELETE_ad_not_found","smoke","2026-05-17","passed","2026-05-17","Ad - Delete","api/smoke/ad/ad-crud.smoke.spec.js","",""
"","9171","TC_MED_002_POST_CreateFullPayload","regression","2026-05-17","passed","2026-05-17","2b. Create Media - variantes","api/regression/media/media-advanced.regression.spec.js","",""
"","23","TC_ART_GET_list_no_token","integration","2026-05-17","passed","2026-05-17","Auth — Sin token / Token inválido","api/integration/article/article.integration.spec.js","",""
"","347","TC_SHW_050_DELETE_Success","smoke","2026-05-17","passed","2026-05-17","Show - Smoke","api/smoke/show/show-crud.smoke.spec.js","",""
"","27","TC_MED_POST_metadata_not_found","integration","2026-05-17","passed","2026-05-17","Media Sub-resources — Metadata POST (AI queue)","api/integration/media/media-subresources.integration.spec.js","",""
"","3293","TC_CST_GET_by_id_valid","smoke","2026-05-17","passed","2026-05-17","Customer — Get by ID (GET /api/customer?id=:id)","api/smoke/customer/customer.smoke.spec.js","",""
"","5488","TC_LIV_024_POST_RefreshToken","regression","2026-05-17","passed","2026-05-17","6. Token de Publicación","api/regression/live/live-advanced.regression.spec.js","",""
"","1942","TC_MED_POST_transcription_no_token","integration","2026-05-17","passed","2026-05-17","Media Sub-resources — Transcription POST (auth/validation)","api/integration/media/media-subresources.integration.spec.js","",""
"","42","TC_CPN_POST_group_disable_invalid_date_format","regression","2026-05-17","passed","2026-05-17","Coupon Group — Bulk Disable (POST /api/coupon-group/:id/disable)","api/regression/cupones/coupon-group.regression.spec.js","",""
"","80","TC_CON_PL_002 GET /api/playlist/:id response schema","contract","2026-05-17","passed","2026-05-17","Playlist - Contract","api/contract/playlist/playlist.contract.spec.js","",""
"","49","TC_SCH_015_POST_EndHourBeforeStartHour_OnSameDay","integration","2026-05-17","passed","2026-05-17","Schedule-Job API (Live Stream) > 4. Validaciones de Fechas y Tiempos","api/integration/live/live-schedule.integration.spec.js","",""
"","15","TC_LIV_POST_quizzes_update_not_found","integration","2026-05-17","passed","2026-05-17","Live Quizzes — Update (POST /api/live-stream/:id/quizzes/:quizId)","api/integration/live/live-quizzes.integration.spec.js","",""
"","21","[PL-SMOKE-005] GET retorna 404 para playlist inexistente","smoke","2026-05-17","passed","2026-05-17","Playlist - Smoke","api/smoke/playlist/playlist-crud.smoke.spec.js","",""
"","1","TC_CON_AR_001 POST /api/settings/advanced-access-restrictions response schema","contract","2026-05-17","skipped","2026-05-17","Access Restriction - Contract","api/contract/access_restriction/access_restriction.contract.spec.js","",""
"","702","TC_SHW_GET_season_list_show_not_found","integration","2026-05-17","passed","2026-05-17","Show Season — List (GET /api/show/:id/season)","api/integration/show/show-seasons.integration.spec.js","",""
"","407","TC_MED_005a_GET_ListAllTrue - incluye no publicados","regression","2026-05-17","passed","2026-05-17","3b. Read Media - variantes","api/regression/media/media-advanced.regression.spec.js","",""
"","3752","TC_MED_010b_UPDATE_PublishUnpublish","regression","2026-05-17","passed","2026-05-17","4b. Partial Update - variantes","api/regression/media/media-advanced.regression.spec.js","",""
"","69","[PL-FUNC-001.1.3] Crea playlist Series con estructura de temporadas","regression","2026-05-17","passed","2026-05-17","POST /api/playlist - Tipos de playlist","api/regression/playlist/playlist-advanced.regression.spec.js","",""
"","43","TC_CON_CAT_003 GET /api/category list response schema","contract","2026-05-17","passed","2026-05-17","Category - Contract","api/contract/category/category.contract.spec.js","",""
"","0","[PL-FUNC-001.3.1] Genera access token con nombre/email","regression","2026-05-17","skipped","2026-05-17","Access Tokens","api/regression/playlist/playlist-advanced.regression.spec.js","",""
"","60","TC_SHW_NEG_050_REMOVE_NonExistentShow","regression","2026-05-17","passed","2026-05-17","4. Remove (DELETE /api/show/:id)","api/regression/show/show-advanced.regression.spec.js","",""
"","2408","TC_CST_POST_create_with_optional_fields","smoke","2026-05-17","passed","2026-05-17","Customer — Create (POST /api/customer)","api/smoke/customer/customer.smoke.spec.js","",""
"","1074","TC_ART_DELETE_article_by_id","integration","2026-05-17","passed","2026-05-17","Article API - CRUD & Search Operations > 6. Delete (DELETE /api/article/:id)","api/integration/article/article.integration.spec.js","",""
"","21","TC-CAT-POST-NEG-004: Debe fallar si name es vacío","smoke","2026-05-17","passed","2026-05-17","POST /api/category - Creación de categorías","api/smoke/category/category-crud.smoke.spec.js","",""
"","48","TC_SCH_024_POST_EmptyPayload_ShouldRejectOrAccept","integration","2026-05-17","passed","2026-05-17","Schedule-Job API (Live Stream) > 6. Edge Cases","api/integration/live/live-schedule.integration.spec.js","",""
"","4537","TC_CON_LIV_002 GET /api/live-stream/:id response schema","contract","2026-05-17","passed","2026-05-17","Live - Contract","api/contract/live/live.contract.spec.js","",""
"","939","TC_MED_GET_metadata_valid","integration","2026-05-17","passed","2026-05-17","Media Sub-resources — Metadata GET","api/integration/media/media-subresources.integration.spec.js","",""
"","233","TC_LIV_POST_quizzes_send_valid","integration","2026-05-17","passed","2026-05-17","Live Quizzes — Send (POST /api/live-stream/:id/quizzes/:quizId/send)","api/integration/live/live-quizzes.integration.spec.js","",""
"","6481","TC_LIV_045_GET_RestreamList","regression","2026-05-17","passed","2026-05-17","9. Schedule y Restream","api/regression/live/live-advanced.regression.spec.js","",""
"","670","TC_MED_003_POST_MissingTitle - title se auto-asigna","regression","2026-05-17","passed","2026-05-17","2b. Create Media - variantes","api/regression/media/media-advanced.regression.spec.js","",""
"","1068","TC_SHW_NEG_004_INSERT_InvalidDateFormat","regression","2026-05-17","passed","2026-05-17","1. Create (POST /api/show)","api/regression/show/show-advanced.regression.spec.js","",""
"","8124","TC_MED_001_POST_CreateStandardVideo","smoke","2026-05-17","passed","2026-05-17","Media - Smoke","api/smoke/media/media-crud.smoke.spec.js","",""
"","714","TC_MED_005_GET_ListDefaultParameters","smoke","2026-05-17","passed","2026-05-17","Media - Smoke","api/smoke/media/media-crud.smoke.spec.js","",""
"","1238","[PL-FUNC-001.2.3] Al vaciar rules.manual.medias, medias ya no aparece","regression","2026-05-17","passed","2026-05-17","GET ?medias=true - Medias incluidas","api/regression/playlist/playlist-advanced.regression.spec.js","",""
"","104","TC_EPG_C_002_GET_EpgInputDetail_ResponseSchema @contract","contract","2026-05-17","passed","2026-05-17","EPG - Contract","api/contract/epg/epg.contract.spec.js","",""
"","1158","[PL-FUNC-001.2.1] Media asociada vía update aparece en GET?all=true","regression","2026-05-17","passed","2026-05-17","GET ?medias=true - Medias incluidas","api/regression/playlist/playlist-advanced.regression.spec.js","",""
"","108","TC_CST_POST_update_not_found","smoke","2026-05-17","passed","2026-05-17","Customer — Update (POST /api/customer/:id)","api/smoke/customer/customer.smoke.spec.js","",""
"","644","TC_MED_SUBTITLE_GET","regression","2026-05-17","passed","2026-05-17","11. Subrecursos Adicionales","api/regression/media/media-advanced.regression.spec.js","",""
"","127","TC_CON_CAT_001 POST /api/category response schema","contract","2026-05-17","passed","2026-05-17","Category - Contract","api/contract/category/category.contract.spec.js","",""
"","422","TC_SHW_DELETE_season_valid","integration","2026-05-17","passed","2026-05-17","Show Season — Delete (DELETE /api/show/:id/season/:seasonId)","api/integration/show/show-seasons.integration.spec.js","",""
"","2659","TC_SHW_NEG_003_INSERT_InvalidType","regression","2026-05-17","passed","2026-05-17","1. Create (POST /api/show)","api/regression/show/show-advanced.regression.spec.js","",""
"","77","TC_MED_GET_chapters_valid","integration","2026-05-17","passed","2026-05-17","Media Sub-resources — Chapters GET","api/integration/media/media-subresources.integration.spec.js","",""
"","19","TC_LIV_GET_quizzes_list_not_found","integration","2026-05-17","passed","2026-05-17","Live Quizzes — List (GET /api/live-stream/:id/quizzes)","api/integration/live/live-quizzes.integration.spec.js","",""
"","281","TC-012: Crear y eliminar cupón","smoke","2026-05-17","passed","2026-05-17","Cupones - Smoke","api/smoke/cupones/cupones.smoke.spec.js","",""
"","949","TC_MED_PREVIEW_POST","regression","2026-05-17","passed","2026-05-17","11. Subrecursos Adicionales","api/regression/media/media-advanced.regression.spec.js","",""
"","15","TC_LIV_POST_quizzes_create_option_missing_correct","integration","2026-05-17","passed","2026-05-17","Live Quizzes — Create (POST /api/live-stream/:id/quizzes)","api/integration/live/live-quizzes.integration.spec.js","",""
"","2408","TC_LIV_022_GET_ListWithParams","regression","2026-05-17","passed","2026-05-17","2. Búsqueda y Filtros","api/regression/live/live-advanced.regression.spec.js","",""
"","262","TC_CON_SHW_002 GET /api/show/:id response schema","contract","2026-05-17","passed","2026-05-17","Show - Contract","api/contract/show/show.contract.spec.js","",""
"","372","TC-012: Crear y eliminar cupón - verificar que deja de existir","regression","2026-05-17","passed","2026-05-17","Cupones - POST avanzado","api/regression/cupones/cupones-advanced.regression.spec.js","",""
"","0","TC_ART_POST_update_clear_synopsis","integration","2026-05-17","skipped","2026-05-17","Field Clear (POST /api/article/:id)","api/integration/article/article.integration.spec.js","",""
"","681","TC_MED_018a_INDEX_VisibilityAdmin - all=true incluye no publicados","regression","2026-05-17","passed","2026-05-17","8. Visibility Index","api/regression/media/media-advanced.regression.spec.js","",""
"","1427","TC_SHW_073_VALIDATION_EmptyGenresArray","regression","2026-05-17","passed","2026-05-17","5. Edge Cases y Validaciones","api/regression/show/show-advanced.regression.spec.js","",""
"","181","TC_LIV_GET_quizzes_list_with_quiz","integration","2026-05-17","passed","2026-05-17","Live Quizzes — List (GET /api/live-stream/:id/quizzes)","api/integration/live/live-quizzes.integration.spec.js","",""
"","60","[PL-FUNC-001.1.4] Crea playlist Playout con múltiples reglas","regression","2026-05-17","passed","2026-05-17","POST /api/playlist - Tipos de playlist","api/regression/playlist/playlist-advanced.regression.spec.js","",""
"","4700","TC_SHW_POST_season_update_title","integration","2026-05-17","passed","2026-05-17","Show Season — Update (POST /api/show/:id/season/:seasonId)","api/integration/show/show-seasons.integration.spec.js","",""
"","164","TC_SHW_POST_season_show_linked_in_response","smoke","2026-05-17","passed","2026-05-17","Show Season — Create (POST /api/show/:id/season)","api/smoke/show/show-seasons.smoke.spec.js","",""
"","341","Debe permitir buscar por category_name","smoke","2026-05-17","passed","2026-05-17","GET /api/category - Búsqueda y listados de categorías","api/smoke/category/category-crud.smoke.spec.js","",""
"","5140","TC_LIV_023_POST_StartRecord","regression","2026-05-17","passed","2026-05-17","5. Grabación","api/regression/live/live-advanced.regression.spec.js","",""
"","271","TC-006: Crear cupón no reutilizable","smoke","2026-05-17","passed","2026-05-17","Cupones - Smoke","api/smoke/cupones/cupones.smoke.spec.js","",""
"","2862","TC_SCH_018_GET_NotFound_ScheduleJobList","smoke","2026-05-17","passed","2026-05-17","Schedule - Smoke","api/smoke/schedule/schedule.smoke.spec.js","",""
"","613","TC_MED_SUBTITLE_DELETE","regression","2026-05-17","passed","2026-05-17","11. Subrecursos Adicionales","api/regression/media/media-advanced.regression.spec.js","",""
"","2966","TC_MED_POST_chapters_not_found","integration","2026-05-17","passed","2026-05-17","Media Sub-resources — Chapters POST (AI generate)","api/integration/media/media-subresources.integration.spec.js","",""
"","67","TC_SHW_POST_season_invalid_show_id","smoke","2026-05-17","passed","2026-05-17","Show Season — Create (POST /api/show/:id/season)","api/smoke/show/show-seasons.smoke.spec.js","",""
"","26","[PL-SMOKE-007-NEG] POST devuelve error cuando falta el campo name","smoke","2026-05-17","passed","2026-05-17","Playlist - Smoke","api/smoke/playlist/playlist-crud.smoke.spec.js","",""
"","21","[PL-NEG] 400 o 500 cuando falta el campo type","regression","2026-05-17","passed","2026-05-17","POST /api/playlist - Validaciones negativas","api/regression/playlist/playlist-advanced.regression.spec.js","",""
"","184","TC_SCH_025_POST_ExtraUnknownFields_ShouldNotCrash","integration","2026-05-17","passed","2026-05-17","Schedule-Job API (Live Stream) > 6. Edge Cases","api/integration/live/live-schedule.integration.spec.js","",""
"","425","TC_LOG_007_POST_UploadInvalidFormat","regression","2026-05-17","passed","2026-05-17","Live Stream Logo API - Exhaustive Suite (Static Assets) > 2. Suite: Límites y Validaciones Negativas","api/regression/live/live-logo.regression.spec.js","",""
"","32","TC_LOG_013_POST_UploadNoToken","regression","2026-05-17","passed","2026-05-17","Live Stream Logo API - Exhaustive Suite (Static Assets) > 4. Suite: Seguridad (Auth)","api/regression/live/live-logo.regression.spec.js","",""
"","178","TC-007: Crear cupón reutilizable con código personalizado","regression","2026-05-17","passed","2026-05-17","Cupones - POST avanzado","api/regression/cupones/cupones-advanced.regression.spec.js","",""
"","40","TC_SCH_019_POST_RecurringWithAllDays","integration","2026-05-17","passed","2026-05-17","Schedule-Job API (Live Stream) > 4. Validaciones de Fechas y Tiempos","api/integration/live/live-schedule.integration.spec.js","",""
"","77","TC_MED_GET_chapters_not_found","integration","2026-05-17","passed","2026-05-17","Media Sub-resources — Chapters GET","api/integration/media/media-subresources.integration.spec.js","",""
"","119","TC_ART_POST_update_title_and_synopsis","integration","2026-05-17","passed","2026-05-17","Article API - CRUD & Search Operations > 3. Update (POST /api/article/:id)","api/integration/article/article.integration.spec.js","",""
"","157","TC_SHW_POST_season_with_optional_fields","smoke","2026-05-17","passed","2026-05-17","Show Season — Create (POST /api/show/:id/season)","api/smoke/show/show-seasons.smoke.spec.js","",""
"","654","TC_MED_005c_GET_WithoutCategoryAndId","regression","2026-05-17","passed","2026-05-17","3c. Read - without_category + id","api/regression/media/media-advanced.regression.spec.js","",""
"","3837","TC_LIV_003_GET_DetailStream","smoke","2026-05-17","passed","2026-05-17","Live Stream - Smoke","api/smoke/live/live-crud.smoke.spec.js","",""
"","4158","TC_SHW_POST_episode_no_token","integration","2026-05-17","passed","2026-05-17","Show Episode — Create (POST /api/show/:id/season/:seasonId/episode)","api/integration/show/show-episodes.integration.spec.js","",""
"","68","TC_LIV_GET_quizzes_list_valid","integration","2026-05-17","passed","2026-05-17","Live Quizzes — List (GET /api/live-stream/:id/quizzes)","api/integration/live/live-quizzes.integration.spec.js","",""
"","151","TC_SCH_015_GET_ScheduleSearch","smoke","2026-05-17","passed","2026-05-17","Schedule - Smoke","api/smoke/schedule/schedule.smoke.spec.js","",""
"","47","TC_CPN_POST_group_create_stores_name_correctly","regression","2026-05-17","passed","2026-05-17","Coupon Group — Create (POST /api/coupon-group)","api/regression/cupones/coupon-group.regression.spec.js","",""
"","74","TC_SCH_029_GET_ResponseTime_ShouldBeUnder5s","integration","2026-05-17","passed","2026-05-17","Schedule-Job API (Live Stream) > 6. Edge Cases","api/integration/live/live-schedule.integration.spec.js","",""
"","97","TC_ART_GET_list_pagination","integration","2026-05-17","passed","2026-05-17","Article API - CRUD & Search Operations > 4. List & Filters (GET /api/article)","api/integration/article/article.integration.spec.js","",""
"","55","[PL-FUNC-001.1.2] Crea playlist Smart con criterios de filtrado","regression","2026-05-17","passed","2026-05-17","POST /api/playlist - Tipos de playlist","api/regression/playlist/playlist-advanced.regression.spec.js","",""
"","403","TC_SHW_POST_episode_update_not_found","integration","2026-05-17","passed","2026-05-17","Show Episode — Update (POST /api/show/:id/season/:seasonId/episode/:episodeId)","api/integration/show/show-episodes.integration.spec.js","",""
"","22","TC_ART_GET_list_invalid_token","integration","2026-05-17","passed","2026-05-17","Auth — Sin token / Token inválido","api/integration/article/article.integration.spec.js","",""
"","59","TC_LOG_009_POST_UploadNonExistentLive","regression","2026-05-17","passed","2026-05-17","Live Stream Logo API - Exhaustive Suite (Static Assets) > 2. Suite: Límites y Validaciones Negativas","api/regression/live/live-logo.regression.spec.js","",""
"","109","TC_CON_CAT_002 GET /api/category/:id response schema","contract","2026-05-17","passed","2026-05-17","Category - Contract","api/contract/category/category.contract.spec.js","",""
"","10390","TC_SCH_007_POST_UpdateScheduleJob_HappyPath @critical","regression","2026-05-17","passed","2026-05-17","Schedule - Regression","api/regression/schedule/schedule-advanced.regression.spec.js","",""
"","4546","TC_LIV_033_POST_AssignAd","regression","2026-05-17","passed","2026-05-17","8. Configuración Avanzada","api/regression/live/live-advanced.regression.spec.js","",""
"","2400","TC_SHW_GET_episode_list_with_limit","integration","2026-05-17","passed","2026-05-17","Show Episode — List (GET /api/show/:id/season/:seasonId/episode)","api/integration/show/show-episodes.integration.spec.js","",""
"","3527","TC_LOG_005_POST_ReplaceLogo","regression","2026-05-17","failed","2026-05-17","Live Stream Logo API - Exhaustive Suite (Static Assets) > 1. Suite: Casos Positivos y Persistencia","api/regression/live/live-logo.regression.spec.js","",""
"","53","[PL-BRULE-002.2.7] Crea playlist Manual con featured=true","regression","2026-05-17","passed","2026-05-17","POST /api/playlist - Tipos de playlist","api/regression/playlist/playlist-advanced.regression.spec.js","",""
"","4576","TC_LIV_002_POST_CreateStreamAudio","regression","2026-05-17","passed","2026-05-17","1b. CRUD adicional","api/regression/live/live-advanced.regression.spec.js","",""
"","5521","TC_MED_IMAGE_GET","regression","2026-05-17","passed","2026-05-17","11. Subrecursos Adicionales","api/regression/media/media-advanced.regression.spec.js","",""
"","71","Debe soportar flag full (ruta completa en nombre)","smoke","2026-05-17","passed","2026-05-17","GET /api/category - Búsqueda y listados de categorías","api/smoke/category/category-crud.smoke.spec.js","",""
"","444","TC_SHW_DELETE_season_no_token","integration","2026-05-17","passed","2026-05-17","Show Season — Delete (DELETE /api/show/:id/season/:seasonId)","api/integration/show/show-seasons.integration.spec.js","",""
"","29","ID inexistente devuelve 404","smoke","2026-05-17","passed","2026-05-17","Ad - Update","api/smoke/ad/ad-crud.smoke.spec.js","",""
"","0","TC_THB_006_DELETE_RemoveNoToken","smoke","2026-05-17","skipped","2026-05-17","Live Stream Thumbnail API - Batería de Pruebas > 2. Suite: Seguridad (Auth)","api/smoke/live/live-thumbnail.smoke.spec.js","",""
"","249","[PL-SMOKE-001] GET lista retorna 200 con schema válido","smoke","2026-05-17","passed","2026-05-17","Playlist - Smoke","api/smoke/playlist/playlist-crud.smoke.spec.js","",""
"","5649","TC_SHW_POST_episode_valid","integration","2026-05-17","passed","2026-05-17","Show Episode — Create (POST /api/show/:id/season/:seasonId/episode)","api/integration/show/show-episodes.integration.spec.js","",""
"","664","TC_CST_GET_list_valid","smoke","2026-05-17","passed","2026-05-17","Customer — List (GET /api/customer)","api/smoke/customer/customer.smoke.spec.js","",""
"","254","TC_CST_POST_create_missing_first_name","smoke","2026-05-17","failed","2026-05-17","Customer — Create (POST /api/customer)","api/smoke/customer/customer.smoke.spec.js","",""
"","390","TC_SHW_DELETE_season_confirm_gone","integration","2026-05-17","passed","2026-05-17","Show Season — Delete (DELETE /api/show/:id/season/:seasonId)","api/integration/show/show-seasons.integration.spec.js","",""
"","4499","TC-002: Verificar filtro por custom_code","regression","2026-05-17","passed","2026-05-17","Cupones - GET avanzado","api/regression/cupones/cupones-advanced.regression.spec.js","",""
"","40","TC_SCH_007_POST_CreateScheduleJob_MissingRequiredFields","integration","2026-05-17","passed","2026-05-17","Schedule-Job API (Live Stream) > 2. POST — Crear y Actualizar Schedule-Job","api/integration/live/live-schedule.integration.spec.js","",""
"","38","TC_CPN_POST_group_create_missing_name","regression","2026-05-17","passed","2026-05-17","Coupon Group — Create (POST /api/coupon-group)","api/regression/cupones/coupon-group.regression.spec.js","",""
"","18","TC_SCH_021_POST_WithoutToken_ShouldReturn401or403","integration","2026-05-17","passed","2026-05-17","Schedule-Job API (Live Stream) > 5. Seguridad — Autenticación y Autorización","api/integration/live/live-schedule.integration.spec.js","",""
"","1087","TC_SHW_NEG_011_GET_InvalidShowId","regression","2026-05-17","passed","2026-05-17","2. Read (GET /api/show/:id)","api/regression/show/show-advanced.regression.spec.js","",""
"","9497","TC_SCH_014_GET_DerivedScheduleDetail","smoke","2026-05-17","passed","2026-05-17","Schedule - Smoke","api/smoke/schedule/schedule.smoke.spec.js","",""
"","86","TC_CPN_POST_group_create_valid","regression","2026-05-17","passed","2026-05-17","Coupon Group — Create (POST /api/coupon-group)","api/regression/cupones/coupon-group.regression.spec.js","",""
"","21","TC-CAT-POST-NEG-001: Debe fallar si falta name (400 NAME_IS_REQUIRED)","smoke","2026-05-17","passed","2026-05-17","POST /api/category - Creación de categorías","api/smoke/category/category-crud.smoke.spec.js","",""
"","133","TC_AT_POST_issue_media_valid","smoke","2026-05-17","passed","2026-05-17","Access Token — Issue (POST /api/access/issue)","api/smoke/access/access-token.smoke.spec.js","",""
"","112","TC_LIV_DELETE_quizzes_no_token","integration","2026-05-17","passed","2026-05-17","Live Quizzes — Delete (DELETE /api/live-stream/:id/quizzes/:quizId)","api/integration/live/live-quizzes.integration.spec.js","",""
"","79","TC_CST_GET_list_with_limit","smoke","2026-05-17","passed","2026-05-17","Customer — List (GET /api/customer)","api/smoke/customer/customer.smoke.spec.js","",""
"","210","TC-CAT-POST-NEG-002: Debe fallar si drm tiene un valor inválido","smoke","2026-05-17","passed","2026-05-17","POST /api/category - Creación de categorías","api/smoke/category/category-crud.smoke.spec.js","",""
"","4072","Flujo: create → update → publish → verify visibility → delete","integration","2026-05-17","passed","2026-05-17","Media - Ciclo de vida completo","api/integration/media/media-lifecycle.integration.spec.js","",""
"","242","TC_CST_POST_update_name","smoke","2026-05-17","passed","2026-05-17","Customer — Update (POST /api/customer/:id)","api/smoke/customer/customer.smoke.spec.js","",""
"","54","TC_MED_GET_chapters_no_token","integration","2026-05-17","passed","2026-05-17","Media Sub-resources — Chapters GET","api/integration/media/media-subresources.integration.spec.js","",""
"","1811","TC_SHW_040_UPDATE_PartialUpdate","regression","2026-05-17","passed","2026-05-17","3. Update (POST /api/show/:id)","api/regression/show/show-advanced.regression.spec.js","",""
"","85","TC_MED_017_SEARCH_VisibilityMasking","regression","2026-05-17","passed","2026-05-17","7. Search (GET /api/media/search)","api/regression/media/media-search.regression.spec.js","",""
"","5041","TC_LOG_006_POST_UploadOverSizeLimit","regression","2026-05-17","passed","2026-05-17","Live Stream Logo API - Exhaustive Suite (Static Assets) > 2. Suite: Límites y Validaciones Negativas","api/regression/live/live-logo.regression.spec.js","",""
"","4270","TC_LIV_013_POST_ToggleOffline","regression","2026-05-17","passed","2026-05-17","3. Estado Online/Offline","api/regression/live/live-advanced.regression.spec.js","",""
"","4143","TC_SHW_074_VALIDATION_UnicodeCharactersInDescription","regression","2026-05-17","passed","2026-05-17","5. Edge Cases y Validaciones","api/regression/show/show-advanced.regression.spec.js","",""
"","32","TC_AT_POST_issue_no_token","smoke","2026-05-17","passed","2026-05-17","Access Token — Issue (POST /api/access/issue)","api/smoke/access/access-token.smoke.spec.js","",""
"","4677","TC_LIV_015_POST_RemoveFavorite","regression","2026-05-17","passed","2026-05-17","4. Favoritos (toggle-bookmark)","api/regression/live/live-advanced.regression.spec.js","",""
"","24","TC_MED_THUMBS_GET_NotFound","regression","2026-05-17","passed","2026-05-17","11. Subrecursos Adicionales","api/regression/media/media-advanced.regression.spec.js","",""
"","1862","TC_MED_META_DELETE","regression","2026-05-17","passed","2026-05-17","10b. Subrecursos (Metas) - DELETE","api/regression/media/media-advanced.regression.spec.js","",""
"","10034","TC_LIV_009_GET_FilterByTypeVideoAudio","regression","2026-05-17","passed","2026-05-17","2. Búsqueda y Filtros","api/regression/live/live-advanced.regression.spec.js","",""
"","100","TC_CST_GET_list_no_token","smoke","2026-05-17","passed","2026-05-17","Customer — List (GET /api/customer)","api/smoke/customer/customer.smoke.spec.js","",""
"","4939","TC_SCH_024_Schedule_Count_Stable_After_Cascade_Delete","regression","2026-05-17","passed","2026-05-17","Schedule - Regression","api/regression/schedule/schedule-advanced.regression.spec.js","",""
"","407","TC_AR_001_GET_ListAllRestrictions","smoke","2026-05-17","passed","2026-05-17","Access Restrictions - Smoke","api/smoke/access-restriction/access-restriction.smoke.spec.js","",""
"","21","TC_AT_POST_issue_type_mismatch_media_as_live","smoke","2026-05-17","passed","2026-05-17","Access Token — Issue (POST /api/access/issue)","api/smoke/access/access-token.smoke.spec.js","",""
"","23","TC_CPN_POST_group_create_no_token","regression","2026-05-17","passed","2026-05-17","Coupon Group — Create (POST /api/coupon-group)","api/regression/cupones/coupon-group.regression.spec.js","",""
"","0","TC_ART_GET_list_without_category","integration","2026-05-17","skipped","2026-05-17","Article API - CRUD & Search Operations > 4. List & Filters (GET /api/article)","api/integration/article/article.integration.spec.js","",""
"","3742","TC_LIV_012_POST_ToggleOnline","regression","2026-05-17","passed","2026-05-17","3. Estado Online/Offline","api/regression/live/live-advanced.regression.spec.js","",""
"","99","TC_ART_GET_detail_by_id","integration","2026-05-17","passed","2026-05-17","Article API - CRUD & Search Operations > 2. Detail (GET /api/article/:id)","api/integration/article/article.integration.spec.js","",""
"","151","TC_EPG_S_002_GET_EpgInputDetail @critical","smoke","2026-05-17","passed","2026-05-17","EPG - Smoke","api/smoke/epg/epg.smoke.spec.js","",""
"","1254","TC_SHW_041_UPDATE_CompleteUpdate","regression","2026-05-17","passed","2026-05-17","3. Update (POST /api/show/:id)","api/regression/show/show-advanced.regression.spec.js","",""
"","45","TC_AR_NEG_011_GET_InvalidIdFormat","smoke","2026-05-17","passed","2026-05-17","Access Restrictions - Smoke","api/smoke/access-restriction/access-restriction.smoke.spec.js","",""
"","4522","TC_SCH_021_GET_DeletedScheduleJob_NotFound @negative","regression","2026-05-17","passed","2026-05-17","Schedule - Regression","api/regression/schedule/schedule-advanced.regression.spec.js","",""
"","0","[PL-FUNC-001.3.3] Elimina access token exitosamente y ya no aparece en detalle","regression","2026-05-17","skipped","2026-05-17","Access Tokens","api/regression/playlist/playlist-advanced.regression.spec.js","",""
"","45","TC_CPN_GET_group_subgroups_not_found","regression","2026-05-17","passed","2026-05-17","Coupon Group — Subgroups (GET /api/coupon-group/:id)","api/regression/cupones/coupon-group.regression.spec.js","",""
"","20","TC_AT_POST_issue_invalid_object_id","smoke","2026-05-17","passed","2026-05-17","Access Token — Issue (POST /api/access/issue)","api/smoke/access/access-token.smoke.spec.js","",""
"","76","TC_EPG_C_001_POST_CreateEpgInput_ResponseSchema @contract","contract","2026-05-17","passed","2026-05-17","EPG - Contract","api/contract/epg/epg.contract.spec.js","",""
"","500","TC_SHW_GET_episode_by_id_not_found","integration","2026-05-17","passed","2026-05-17","Show Episode — Get by ID (GET /api/show/:id/season/:seasonId/episode/:episodeId)","api/integration/show/show-episodes.integration.spec.js","",""
"","135","Obtener Ad por ID (200)","smoke","2026-05-17","passed","2026-05-17","Ad - GET","api/smoke/ad/ad-crud.smoke.spec.js","",""
"","51","Debe soportar with_count (conteo de hijos)","smoke","2026-05-17","passed","2026-05-17","GET /api/category - Búsqueda y listados de categorías","api/smoke/category/category-crud.smoke.spec.js","",""
"","191","TC_SCH_009_POST_UpdateScheduleJob_ChangeHour","integration","2026-05-17","passed","2026-05-17","Schedule-Job API (Live Stream) > 2. POST — Crear y Actualizar Schedule-Job","api/integration/live/live-schedule.integration.spec.js","",""
"","333","TC_LIV_011_GET_PaginationSkip","regression","2026-05-17","passed","2026-05-17","2. Búsqueda y Filtros","api/regression/live/live-advanced.regression.spec.js","",""
"","122","TC_AD_GET_search_by_id","smoke","2026-05-17","passed","2026-05-17","Ad - List & Search","api/smoke/ad/ad-crud.smoke.spec.js","",""
"","4127","TC_LIV_004_POST_UpdateNameOnly","regression","2026-05-17","passed","2026-05-17","1b. CRUD adicional","api/regression/live/live-advanced.regression.spec.js","",""
"","55","TC_EPG_S_007_GET_EpgInputsList","smoke","2026-05-17","passed","2026-05-17","EPG - Smoke","api/smoke/epg/epg.smoke.spec.js","",""
"","41","TC_CPN_POST_group_disable_missing_dates","regression","2026-05-17","passed","2026-05-17","Coupon Group — Bulk Disable (POST /api/coupon-group/:id/disable)","api/regression/cupones/coupon-group.regression.spec.js","",""
"","718","TC_MED_014b_FILTER_TitleContains","regression","2026-05-17","passed","2026-05-17","6. Filtros Avanzados (filterData)","api/regression/media/media-advanced.regression.spec.js","",""
"","3032","TC_MED_009_GET_DetailNotFound","smoke","2026-05-17","passed","2026-05-17","Media - Smoke","api/smoke/media/media-crud.smoke.spec.js","",""
"","53","TC_MED_016_SEARCH_FilterByArrayTag","regression","2026-05-17","passed","2026-05-17","7. Search (GET /api/media/search)","api/regression/media/media-search.regression.spec.js","",""
"","121","TC_SCH_004_GET_ScheduleJobList_NotFound","regression","2026-05-17","passed","2026-05-17","Schedule - Regression","api/regression/schedule/schedule-advanced.regression.spec.js","",""
"","5107","TC_EPG_I_004_DeleteEpgOriginInUse_Returns400","integration","2026-05-17","passed","2026-05-17","EPG - Integration","api/integration/epg/epg.integration.spec.js","",""
"","3542","TC_CST_POST_create_valid","smoke","2026-05-17","passed","2026-05-17","Customer — Create (POST /api/customer)","api/smoke/customer/customer.smoke.spec.js","",""
"","5248","TC_SCH_023_GET_OrphanSchedule_NotFound @negative","regression","2026-05-17","passed","2026-05-17","Schedule - Regression","api/regression/schedule/schedule-advanced.regression.spec.js","",""
"","6892","TC_SCH_002_GET_LiveStreamScheduleJobList_StableOnRepeat","regression","2026-05-17","passed","2026-05-17","Schedule - Regression","api/regression/schedule/schedule-advanced.regression.spec.js","",""
"","108","TC-004: Test de paginación","regression","2026-05-17","passed","2026-05-17","Cupones - GET avanzado","api/regression/cupones/cupones-advanced.regression.spec.js","",""
"","6723","TC_LIV_026_POST_AssignPlayer","regression","2026-05-17","skipped","2026-05-17","8. Configuración Avanzada","api/regression/live/live-advanced.regression.spec.js","",""
"","7300","TC_CST_POST_update_no_token","smoke","2026-05-17","passed","2026-05-17","Customer — Update (POST /api/customer/:id)","api/smoke/customer/customer.smoke.spec.js","",""
"","526","TC_MED_PREVIEW_UPLOAD_GET","regression","2026-05-17","passed","2026-05-17","11. Subrecursos Adicionales","api/regression/media/media-advanced.regression.spec.js","",""
"","4","TC_EPG_I_002_ReSyncIdempotency_NoScheduleDuplicates @critical","integration","2026-05-17","skipped","2026-05-17","EPG - Integration","api/integration/epg/epg.integration.spec.js","",""
"","7035","TC_CON_LIV_001 POST /api/live-stream response schema","contract","2026-05-17","passed","2026-05-17","Live - Contract","api/contract/live/live.contract.spec.js","",""
"","93","TC_EPG_S_004_DELETE_EpgInput @critical","smoke","2026-05-17","passed","2026-05-17","EPG - Smoke","api/smoke/epg/epg.smoke.spec.js","",""
"","3771","TC_SCH_012_GET_ScheduleJobDetail @critical","smoke","2026-05-17","passed","2026-05-17","Schedule - Smoke","api/smoke/schedule/schedule.smoke.spec.js","",""
"","17","TC_LIV_POST_quizzes_create_missing_title","integration","2026-05-17","passed","2026-05-17","Live Quizzes — Create (POST /api/live-stream/:id/quizzes)","api/integration/live/live-quizzes.integration.spec.js","",""
"","4268","TC_SHW_POST_episode_missing_title","integration","2026-05-17","passed","2026-05-17","Show Episode — Create (POST /api/show/:id/season/:seasonId/episode)","api/integration/show/show-episodes.integration.spec.js","",""
"","858","TC_SHW_GET_episode_list_valid","integration","2026-05-17","passed","2026-05-17","Show Episode — List (GET /api/show/:id/season/:seasonId/episode)","api/integration/show/show-episodes.integration.spec.js","",""
"","19","TC_THB_002_GET_VerifyThumbnailList","smoke","2026-05-17","passed","2026-05-17","Live Stream Thumbnail API - Batería de Pruebas > 1. Suite: Casos Positivos y Persistencia","api/smoke/live/live-thumbnail.smoke.spec.js","",""
"","51","TC_ART_DELETE_article_not_found","integration","2026-05-17","passed","2026-05-17","Article API - CRUD & Search Operations > 6. Delete (DELETE /api/article/:id)","api/integration/article/article.integration.spec.js","",""
"","468","TC_CON_AR_003 GET /api/settings/advanced-access-restrictions list response schema","contract","2026-05-17","passed","2026-05-17","Access Restriction - Contract","api/contract/access_restriction/access_restriction.contract.spec.js","",""
"","5644","TC_AD_DELETE_ad_by_id","smoke","2026-05-17","passed","2026-05-17","Ad - Delete","api/smoke/ad/ad-crud.smoke.spec.js","",""
"","56","TC_AT_POST_issue_with_time_limit","smoke","2026-05-17","passed","2026-05-17","Access Token — Issue (POST /api/access/issue)","api/smoke/access/access-token.smoke.spec.js","",""
"","984","TC_SHW_DELETE_episode_no_token","integration","2026-05-17","passed","2026-05-17","Show Episode — Delete (DELETE /api/show/:id/season/:seasonId/episode/:episodeId)","api/integration/show/show-episodes.integration.spec.js","",""
"","6022","TC_LIV_004b_POST_UpdatePartialConfig","regression","2026-05-17","passed","2026-05-17","1b. CRUD adicional","api/regression/live/live-advanced.regression.spec.js","",""
"","47","TC_MED_015_SEARCH_ExactTitle","regression","2026-05-17","passed","2026-05-17","7. Search (GET /api/media/search)","api/regression/media/media-search.regression.spec.js","",""
"","1298","TC_SHW_POST_season_update_no_token","integration","2026-05-17","passed","2026-05-17","Show Season — Update (POST /api/show/:id/season/:seasonId)","api/integration/show/show-seasons.integration.spec.js","",""
"","1304","TC_ART_POST_create_valid","integration","2026-05-17","passed","2026-05-17","Article API - CRUD & Search Operations > 1. Create (POST /api/article)","api/integration/article/article.integration.spec.js","",""
"","70","TC_MED_POST_chapters_no_transcription","integration","2026-05-17","passed","2026-05-17","Media Sub-resources — Chapters POST (AI generate)","api/integration/media/media-subresources.integration.spec.js","",""
"","74","TC_LIV_008_GET_FilterOffline","regression","2026-05-17","passed","2026-05-17","2. Búsqueda y Filtros","api/regression/live/live-advanced.regression.spec.js","",""
"","81","TC_AT_POST_issue_with_max_profile","smoke","2026-05-17","passed","2026-05-17","Access Token — Issue (POST /api/access/issue)","api/smoke/access/access-token.smoke.spec.js","",""
"","1785","TC_LOG_002_GET_VerifyPersistence","regression","2026-05-17","skipped","2026-05-17","Live Stream Logo API - Exhaustive Suite (Static Assets) > 1. Suite: Casos Positivos y Persistencia","api/regression/live/live-logo.regression.spec.js","",""
"","26","TC_LIV_GET_quizzes_list_no_token","integration","2026-05-17","passed","2026-05-17","Live Quizzes — List (GET /api/live-stream/:id/quizzes)","api/integration/live/live-quizzes.integration.spec.js","",""
"","3325","TC_EPG_S_008_POST_EpgSync_NoEpgConfigured @negative","smoke","2026-05-17","passed","2026-05-17","EPG - Smoke","api/smoke/epg/epg.smoke.spec.js","",""
