"BROKEN","EPIC","FAILED","FEATURE","PASSED","SKIPPED","STORY","UNKNOWN"
"0","Mediastream Platform API","0","Media","51","0","Search","0"
"0","Mediastream Platform API","0","Ads","4","0","Negative Cases","0"
"3","","5","","176","3","","0"
"0","Mediastream Platform API","0","LIV","12","1","General","0"
"0","Mediastream Platform API","16","Playlist","6","0","Update","0"
"0","Mediastream Platform API","0","Playlist","5","0","Negative Cases","0"
"0","Mediastream Platform API","16","Ads","2","0","Update","0"
"0","Mediastream Platform API","0","Schedule","23","0","General","0"
"0","Mediastream Platform API","0","Category","1","0","Detail","0"
"0","Mediastream Platform API","0","Coupon","3","0","Authentication","0"
"0","Mediastream Platform API","0","Category","3","0","Create","0"
"0","Mediastream Platform API","16","Logo","0","0","Update","0"
"0","Mediastream Platform API","0","LIV","5","0","Delete","0"
"0","Mediastream Platform API","0","CST","3","0","Update","0"
"0","Mediastream Platform API","0","Coupon","4","0","Negative Cases","0"
"0","Mediastream Platform API","0","LIV","3","0","Authentication","0"
"0","Mediastream Platform API","0","Coupon","6","0","General","0"
"0","Mediastream Platform API","0","Category","2","0","Filter","0"
"0","Mediastream Platform API","0","CST","3","0","Authentication","0"
"0","Mediastream Platform API","40","Logo","3","0","General","0"
"0","Mediastream Platform API","0","Coupon","8","0","Create","0"
"0","Mediastream Platform API","0","LIV","6","0","List","0"
"0","Mediastream Platform API","8","Playlist","7","0","Create","0"
"0","Mediastream Platform API","0","Category","3","0","List","0"
"0","Mediastream Platform API","0","AT","7","0","General","0"
"0","Mediastream Platform API","8","Playlist","5","0","Detail","0"
"0","Mediastream Platform API","0","Article","1","0","Create","0"
"0","Mediastream Platform API","0","Media","2","0","Create","0"
"0","Mediastream Platform API","0","CST","4","0","Negative Cases","0"
"0","Mediastream Platform API","0","Schedule","1","0","Update","0"
"0","Mediastream Platform API","0","Media","5","0","Authentication","0"
"0","Mediastream Platform API","0","Category","7","0","Negative Cases","0"
"0","Mediastream Platform API","0","Media","6","0","Negative Cases","0"
"0","Mediastream Platform API","0","Article","1","0","Detail","0"
"0","Mediastream Platform API","0","Category","1","0","Delete","0"
"0","Mediastream Platform API","0","CST","2","0","List","0"
"0","Mediastream Platform API","0","Media","15","2","General","0"
"0","Mediastream Platform API","0","Article","2","0","Negative Cases","0"
"0","Mediastream Platform API","0","AT","4","0","Negative Cases","0"
"0","Mediastream Platform API","0","AT","2","0","Authentication","0"
"0","Mediastream Platform API","0","Playlist","2","0","List","0"
"0","Mediastream Platform API","16","Article","0","0","Filter","0"
"0","Mediastream Platform API","8","Playlist","0","0","Filter","0"
"0","Mediastream Platform API","8","Media","2","0","Update","0"
"0","Mediastream Platform API","0","Media","2","0","List","0"
"0","Mediastream Platform API","0","LIV","4","0","Filter","0"
"0","Mediastream Platform API","0","Media","5","1","Delete","0"
"0","Mediastream Platform API","0","LIV","3","0","Create","0"
"0","Mediastream Platform API","0","Article","1","0","Preview","0"
"0","Mediastream Platform API","0","Playlist","1","0","Delete","0"
"0","Mediastream Platform API","0","LIV","6","0","Negative Cases","0"
"0","Mediastream Platform API","0","LIV","10","0","Update","0"
"0","Mediastream Platform API","0","CST","1","0","Filter","0"
"0","Mediastream Platform API","16","Category","3","0","Update","0"
"0","Mediastream Platform API","8","Article","2","0","Update","0"
"0","Mediastream Platform API","0","Ads","2","0","Search","0"
"0","Mediastream Platform API","8","Ads","0","0","Detail","0"
"0","Mediastream Platform API","0","Ads","2","0","List","0"
"0","Mediastream Platform API","0","Schedule","3","0","Create","0"
"0","Mediastream Platform API","0","Media","2","0","Detail","0"
"0","Mediastream Platform API","8","Logo","1","0","Delete","0"
"0","Mediastream Platform API","0","LIV","2","0","Detail","0"
"0","Mediastream Platform API","0","Schedule","1","0","Delete","0"
"0","Mediastream Platform API","0","Media","2","0","Preview","0"
"0","Mediastream Platform API","8","Article","0","0","Delete","0"
"0","Mediastream Platform API","0","Coupon","2","0","List","0"
"0","Mediastream Platform API","8","Ads","0","0","Create","0"
"0","Mediastream Platform API","0","Ads","1","0","Delete","0"
"0","Mediastream Platform API","0","CST","3","0","Create","0"
"0","Mediastream Platform API","0","LIV","1","0","Search","0"
"0","Mediastream Platform API","0","Coupon","8","0","Filter","0"
"0","Mediastream Platform API","0","Article","2","0","List","0"
"0","Mediastream Platform API","0","CST","1","0","Detail","0"
"0","Mediastream Platform API","0","Coupon","1","0","Search","0"
